simulation,mean_agbd_per_ha,mean_agc_per_ha,total_agbd,total_agc
1,160.2389678955078,75.31231689453125,43328616.0,20364449.52
2,160.12789916992188,75.2601089477539,43298584.0,20350334.48
3,156.23147583007812,73.42879486083984,42244992.0,19855146.24
